INSERT INTO Category (category_number, category_name) VALUES
    (1, 'Молочні продукти'),
    (2, 'Хлібобулочні вироби'),
    (3, 'М''ясо та риба'),
    (4, 'Напої'),
    (5, 'Кондитерські вироби'),
    (6, 'Заморожені продукти'),
    (7, 'Фрукти та овочі');

INSERT INTO Product (id_product, category_number, product_name, manufacturer, characteristics) VALUES
    (1,  1, 'Молоко 2.5%',        'Галичина',   '1л, пастеризоване'),
    (2,  1, 'Кефір 1%',           'Яготинське', '500г, живі культури'),
    (3,  1, 'Масло вершкове 82%', 'Президент',  '200г, екстра'),
    (4,  2, 'Хліб білий',         'Київхліб',   '500г, нарізний'),
    (5,  2, 'Батон',              'Київхліб',   '400г, класичний'),
    (6,  3, 'Куряче філе',        'Наша Ряба',  '1кг, охолоджене'),
    (7,  3, 'Лосось с/с',         'Норвегія',   '200г, нарізка'),
    (8,  4, 'Сік апельсиновий',   'Sandora',    '1л, прямого віджиму'),
    (9,  4, 'Вода мінеральна',    'Моршинська', '1.5л, газована'),
    (10, 5, 'Шоколад молочний',   'Roshen',     '90г, з горіхами'),
    (11, 5, 'Вафлі',              'Конті',      '250г, з начинкою'),
    (12, 6, 'Пельмені',           'Три ведмеді','500г, класичні'),
    (13, 7, 'Яблука Голден',      'Україна',    '1кг, першого сорту'),
    (14, 7, 'Банани',             'Еквадор',    '1кг, стиглі');


INSERT INTO Store_Product (UPC, UPC_prom, id_product, selling_price, products_number, promotional_product) VALUES
    ('123456789012', NULL, 1,  36.00,  120, FALSE),
    ('123456789013', NULL, 2,  24.00,  80,  FALSE),
    ('123456789014', NULL, 3,  89.00,  60,  FALSE),
    ('123456789015', NULL, 4,  28.00,  200, FALSE),
    ('123456789016', NULL, 5,  22.00,  150, FALSE),
    ('123456789017', NULL, 6,  175.00, 45,  FALSE),
    ('123456789018', NULL, 7,  210.00, 30,  FALSE),
    ('123456789019', NULL, 8,  62.00,  90,  FALSE),
    ('123456789020', NULL, 9,  28.00,  200, FALSE),
    ('123456789021', NULL, 10, 45.00,  110, FALSE),
    ('123456789022', NULL, 11, 38.00,  95,  FALSE),
    ('123456789023', NULL, 12, 95.00,  50,  FALSE),
    ('123456789024', NULL, 13, 52.00,  75,  FALSE),
    ('123456789025', NULL, 14, 48.00,  85,  FALSE);