INSERT INTO Category (category_number, category_name)
VALUES (1, 'Молочні продукти'),
       (2, 'Хлібобулочні вироби'),
       (3, 'М''ясо та риба'),
       (4, 'Напої'),
       (5, 'Кондитерські вироби'),
       (6, 'Заморожені продукти'),
       (7, 'Фрукти та овочі');


INSERT INTO Product (id_product, category_number, product_name, manufacturer, characteristics)
VALUES (1, 1, 'Молоко 2.5%', 'Галичина', '1л, пастеризоване'),
       (2, 1, 'Кефір 1%', 'Яготинське', '500г, живі культури'),
       (3, 1, 'Масло вершкове 82%', 'Президент', '200г, екстра'),
       (4, 2, 'Хліб білий', 'Київхліб', '500г, нарізний'),
       (5, 2, 'Батон', 'Київхліб', '400г, класичний'),
       (6, 3, 'Куряче філе', 'Наша Ряба', '1кг, охолоджене'),
       (7, 3, 'Лосось с/с', 'Норвегія', '200г, нарізка'),
       (8, 4, 'Сік апельсиновий', 'Sandora', '1л, прямого віджиму'),
       (9, 4, 'Вода мінеральна', 'Моршинська', '1.5л, газована'),
       (10, 5, 'Шоколад молочний', 'Roshen', '90г, з горіхами'),
       (11, 5, 'Вафлі', 'Конті', '250г, з начинкою'),
       (12, 6, 'Пельмені', 'Три ведмеді', '500г, класичні'),
       (13, 7, 'Яблука Голден', 'Україна', '1кг, першого сорту'),
       (14, 7, 'Банани', 'Еквадор', '1кг, стиглі');

INSERT INTO Store_Product (UPC, UPC_prom, id_product, selling_price, products_number, promotional_product)
VALUES ('123456789012', NULL, 1, 36.00, 120, FALSE),
       ('123456789013', NULL, 2, 24.00, 80, FALSE),
       ('123456789014', NULL, 3, 89.00, 60, FALSE),
       ('123456789015', NULL, 4, 28.00, 200, FALSE),
       ('123456789016', NULL, 5, 22.00, 150, FALSE),
       ('123456789017', NULL, 6, 175.00, 45, FALSE),
       ('123456789018', NULL, 7, 210.00, 30, FALSE),
       ('123456789019', NULL, 8, 62.00, 90, FALSE),
       ('123456789020', NULL, 9, 28.00, 200, FALSE),
       ('123456789021', NULL, 10, 45.00, 110, FALSE),
       ('123456789022', NULL, 11, 38.00, 95, FALSE),
       ('123456789023', NULL, 12, 95.00, 50, FALSE),
       ('123456789024', NULL, 13, 52.00, 75, FALSE),
       ('123456789025', NULL, 14, 48.00, 85, FALSE),
       ('223456789012', '123456789012', 1, 28.80, 40, TRUE),
       ('223456789013', '123456789013', 2, 19.20, 55, TRUE),
       ('223456789017', '123456789017', 6, 140.00, 20, TRUE),
       ('223456789020', '123456789020', 9, 22.40, 70, TRUE);

INSERT INTO Employee (id_employee, empl_surname, empl_name, empl_patronymic, empl_role, salary, date_of_birth,
                      date_of_start, phone_number, city, street, zip_code)
VALUES ('EMP001', 'Коваленко', 'Олена', 'Іванівна', 'Manager', 35000.00, '1985-03-15', '2015-06-01', '+380501234567',
        'Київ', 'вул. Хрещатик, 10', '01001'),
       ('EMP002', 'Мороз', 'Дмитро', 'Олегович', 'Manager', 32000.00, '1990-07-22', '2018-09-15', '+380671234568',
        'Київ', 'вул. Борщагівська, 5', '03056'),
       ('EMP003', 'Петренко', 'Ірина', 'Василівна', 'Cashier', 18000.00, '1998-11-05', '2020-03-01', '+380931234569',
        'Київ', 'вул. Лесі Українки, 3', '01133'),
       ('EMP004', 'Савченко', 'Микола', 'Андрійович', 'Cashier', 18000.00, '2000-04-12', '2021-07-01', '+380681234570',
        'Київ', 'вул. Сагайдачного, 7', '04070'),
       ('EMP005', 'Бондаренко', 'Тетяна', 'Миколаївна', 'Cashier', 19000.00, '1995-09-28', '2019-01-15',
        '+380731234571', 'Київ', 'пр. Перемоги, 22', '03055'),
       ('EMP006', 'Шевченко', 'Андрій', 'Петрович', 'Cashier', 18500.00, '1997-06-17', '2022-02-10', '+380961234572',
        'Бровари', 'вул. Центральна, 14', '07400');

INSERT INTO Customer_Card (card_number, cust_surname, cust_name, cust_patronymic, phone_number, city, street, zip_code,
                           percent)
VALUES ('CC00000000001', 'Іванченко', 'Марія', 'Степанівна', '+380501112233', 'Київ', 'вул. Горького, 8', '03150', 5),
       ('CC00000000002', 'Левченко', 'Сергій', 'Олексійович', '+380672223344', 'Київ', 'вул. Польова, 12', '03056', 10),
       ('CC00000000003', 'Ткаченко', 'Оксана', 'Юріївна', '+380933334455', 'Київ', 'вул. Садова, 3', '01015', 5),
       ('CC00000000004', 'Гриценко', 'Василь', 'Іванович', '+380684445566', 'Бровари', 'вул. Незалежності, 6', '07400',
        3),
       ('CC00000000005', 'Романенко', 'Людмила', NULL, '+380735556677', 'Київ', 'пр. Науки, 33', '03028', 10),
       ('CC00000000006', 'Кравченко', 'Олексій', 'Вікторович', '+380966667788', NULL, NULL, NULL, 5);


-- ---- Checks ----
INSERT INTO "Check" (check_number, id_employee, card_number, print_date, sum_total, vat)
VALUES ('CHK0000001', 'EMP003', 'CC00000000001', '2024-01-10 09:15:00', 136.00, 27.20),
       ('CHK0000002', 'EMP003', NULL, '2024-01-10 10:30:00', 331.00, 66.20),
       ('CHK0000003', 'EMP004', 'CC00000000002', '2024-01-11 11:00:00', 261.00, 52.20),
       ('CHK0000004', 'EMP005', NULL, '2024-01-12 14:45:00', 223.00, 44.60),
       ('CHK0000005', 'EMP003', 'CC00000000003', '2024-02-05 08:50:00', 175.00, 35.00),
       ('CHK0000006', 'EMP004', NULL, '2024-02-07 16:20:00', 385.00, 77.00),
       ('CHK0000007', 'EMP006', 'CC00000000005', '2024-02-14 12:00:00', 148.00, 29.60),
       ('CHK0000008', 'EMP005', NULL, '2024-03-01 09:05:00', 560.00, 112.00),
       ('CHK0000009', 'EMP003', 'CC00000000002', '2024-03-15 17:30:00', 210.00, 42.00),
       ('CHK0000010', 'EMP004', NULL, '2024-03-20 13:10:00', 94.00, 18.80);

-- ---- Sales ----
INSERT INTO Sale (UPC, check_number, product_number, selling_price)
VALUES
    -- CHK0000001: молоко x2, хліб x2
    ('123456789012', 'CHK0000001', 2, 36.00),
    ('123456789015', 'CHK0000001', 2, 28.00),
    -- CHK0000002: філе x1, сік x2, шоколад x1
    ('123456789017', 'CHK0000002', 1, 175.00),
    ('123456789019', 'CHK0000002', 2, 62.00),
    ('123456789021', 'CHK0000002', 1, 45.00),
    -- CHK0000003: масло x1, кефір x2, лосось x1
    ('123456789014', 'CHK0000003', 1, 89.00),
    ('123456789013', 'CHK0000003', 2, 24.00),
    ('123456789018', 'CHK0000003', 1, 210.00), -- уточнена ціна
    -- CHK0000004: вафлі x2, банани x2, вода x3
    ('123456789022', 'CHK0000004', 2, 38.00),
    ('123456789025', 'CHK0000004', 2, 48.00),
    ('123456789020', 'CHK0000004', 3, 28.00),
    -- CHK0000005: акційне філе x1, батон x1
    ('223456789017', 'CHK0000005', 1, 140.00),
    ('123456789016', 'CHK0000005', 1, 22.00),
    -- CHK0000006: пельмені x2, яблука x2, сік x1, молоко x3
    ('123456789023', 'CHK0000006', 2, 95.00),
    ('123456789024', 'CHK0000006', 2, 52.00),
    ('123456789019', 'CHK0000006', 1, 62.00),
    ('123456789012', 'CHK0000006', 3, 36.00),
    -- CHK0000007: акційна вода x2, кефір x1, вафлі x2
    ('223456789020', 'CHK0000007', 2, 22.40),
    ('123456789013', 'CHK0000007', 1, 24.00),
    ('123456789022', 'CHK0000007', 2, 38.00),
    -- CHK0000008: лосось x1, філе x1, пельмені x2, масло x2, сік x2
    ('123456789018', 'CHK0000008', 1, 210.00),
    ('123456789017', 'CHK0000008', 1, 175.00),
    ('123456789023', 'CHK0000008', 2, 95.00),
    -- CHK0000009: лосось x1
    ('123456789018', 'CHK0000009', 1, 210.00),
    -- CHK0000010: хліб x2, кефір x1
    ('123456789015', 'CHK0000010', 2, 28.00),
    ('123456789013', 'CHK0000010', 1, 24.00);

INSERT INTO users (id, username, password, role,id_employee)
VALUES (1, 'manager', '$2a$10$8l00jJlHXb9lHx.NQnIgbO6ngDOiNfDvENYVx4vf2lofza4PTKZqS', 'MANAGER','EMP002'),
       (2, 'cashier', '$2a$10$8l00jJlHXb9lHx.NQnIgbO6ngDOiNfDvENYVx4vf2lofza4PTKZqS', 'CASHIER','EMP004'),
       (3, 'Петренко', '$2a$12$sxla15GOtcCsUSTHLvizru6CPPEOY.daqtY.X6XqolGuYvER2tsbi', 'CASHIER','EMP003'),
       (4, 'Коваленко', '$2a$12$sxla15GOtcCsUSTHLvizru6CPPEOY.daqtY.X6XqolGuYvER2tsbi', 'MANAGER','EMP001');
;